Case Number,Date Report Signed,Full Text Link
23-PCI-093,11-Jul-23,Read Full Text
23-OCI-091,10-Jul-23,Read Full Text
23-OCI-088,10-Jul-23,Read Full Text
23-OCI-084,10-Jul-23,Read Full Text
23-OCI-083,10-Jul-23,Read Full Text
23-PFP-082,10-Jul-23,Read Full Text
23-POD-079,07-Jul-23,Read Full Text
23-OVI-078,07-Jul-23,Read Full Text
23-OCI-077,07-Jul-23,Read Full Text
23-OFP-076,07-Jul-23,Read Full Text
23-OFP-075,06-Jul-23,Read Full Text
23-OOD-074,04-Jul-23,Read Full Text
23-OCI-072,30-Jun-23,Read Full Text
23-OFI-071,30-Jun-23,Read Full Text
23-OCI-069,30-Jun-23,Read Full Text
23-OCI-067,30-Jun-23,Read Full Text
23-TOI-065,29-Jun-23,Read Full Text
23-OCI-064,29-Jun-23,Read Full Text
23-OCI-063,23-Jun-23,Read Full Text
23-POD-062,27-Jun-23,Read Full Text
23-PCI-061,22-Jun-23,Read Full Text
23-OVI-057,26-Jun-23,Read Full Text
23-OFI-056,26-Jun-23,Read Full Text
23-OCI-055,23-Jun-23,Read Full Text
23-OVI-051,19-Jun-23,Read Full Text
23-OVI-050,19-Jun-23,Read Full Text
23-TCI-048,16-Jun-23,Read Full Text
23-PCI-047,16-Jun-23,Read Full Text
23-OCI-046,14-Jun-23,Read Full Text
23-TCI-045,14-Jun-23,Read Full Text
23-TFP-044,14-Jun-23,Read Full Text
23-OCI-042,12-Jun-23,Read Full Text
23-PCI-041,09-Jun-23,Read Full Text
23-TCI-038,08-Jun-23,Read Full Text
23-OCI-037,03-Jun-23,Read Full Text
23-OCD-036,02-Jun-23,Read Full Text
23-OCI-033,29-May-23,Read Full Text
23-OSA-032,29-May-23,Read Full Text
23-OFP-031,30-May-23,Read Full Text
23-OVI-030,26-May-23,Read Full Text
23-PCI-029,25-May-23,Read Full Text
23-OCI-025,18-May-23,Read Full Text
23-PCI-024,19-May-23,Read Full Text
23-TCI-023,18-May-23,Read Full Text
23-PCD-022,18-May-23,Read Full Text
23-OCI-020,17-May-23,Read Full Text
23-TCI-018,16-May-23,Read Full Text
23-OFP-016,10-May-23,Read Full Text
23-OCI-015,05-May-23,Read Full Text
23-OCI-014,05-May-23,Read Full Text
23-OCI-010,05-May-23,Read Full Text
23-OCI-007,03-May-23,Read Full Text
23-OCI-006,05-May-23,Read Full Text
23-OVI-005,03-May-23,Read Full Text
23-OCI-004,03-May-23,Read Full Text
23-OVI-002,01-May-23,Read Full Text
23-OCI-001,28-Apr-23,Read Full Text
22-OVI-330,28-Apr-23,Read Full Text
22-OCI-329,28-Apr-23,Read Full Text
22-TCI-328,26-Apr-23,Read Full Text
22-OVI-327,26-Apr-23,Read Full Text
22-TCD-326,24-Apr-23,Read Full Text
22-OCI-324,21-Apr-23,Read Full Text
22-OCI-323,14-Apr-23,Read Full Text
22-OFD-319,17-Apr-23,Read Full Text
22-OCI-318,14-Apr-23,Read Full Text
22-TCI-316,12-Apr-23,Read Full Text
22-PCI-315,31-Mar-23,Read Full Text
22-PVI-313,06-Apr-23,Read Full Text
22-OCI-308,31-Mar-23,Read Full Text
22-OFP-307,31-Mar-23,Read Full Text
22-PCD-306,27-Mar-23,Read Full Text
22-PVI-305,09-Mar-23,Read Full Text
22-OVI-304,28-Mar-23,Read Full Text
22-TCI-303,28-Mar-23,Read Full Text
22-OCI-302,24-Mar-23,Read Full Text
22-OFD-301,24-Mar-23,Read Full Text
22-OCI-300,22-Mar-23,Read Full Text
22-TVI-299,07-Mar-23,Read Full Text
22-PVI-297,10-Mar-23,Read Full Text
22-OVI-294,10-Mar-23,Read Full Text
22-PCI-292,03-Mar-23,Read Full Text
22-OFI-290,02-Mar-23,Read Full Text
22-OCI-288,01-Mar-23,Read Full Text
22-OCI-283,24-Feb-23,Read Full Text
22-TCI-282,24-Feb-23,Read Full Text
22-OCI-280,24-Feb-23,Read Full Text
22-OCI-279,23-Feb-23,Read Full Text
22-TCI-277,22-Feb-23,Read Full Text
22-OCI-276,21-Feb-23,Read Full Text
22-OVI-275,21-Feb-23,Read Full Text
22-TFP-272,17-Feb-23,Read Full Text
22-TVI-271,10-Feb-23,Read Full Text
22-TCD-270,10-Feb-23,Read Full Text
22-OCD-267,08-Feb-23,Read Full Text
22-OCI-265,03-Feb-23,Read Full Text
22-PCI-262,31-Jan-23,Read Full Text
22-OSA-260,30-Jan-23,Read Full Text
22-OVI-259,07-Feb-23,Read Full Text
22-TFP-258,27-Jan-23,Read Full Text
22-OVI-257,27-Jan-23,Read Full Text
22-TVI-256,26-Jan-23,Read Full Text
22-OOD-252,24-Jan-23,Read Full Text
22-OCI-250,19-Jan-23,Read Full Text
22-OVD-249,23-Jan-23,Read Full Text
22-TFI-246,19-Jan-23,Read Full Text
22-TCI-245,18-Jan-23,Read Full Text
22-TCI-244,13-Jan-23,Read Full Text
22-OOD-243,13-Jan-23,Read Full Text
22-OOD-236,11-Jan-23,Read Full Text
22-TCI-234,10-Jan-23,Read Full Text
22-OFD-233,17-Dec-22,Read Full Text
22-OCI-232,10-Jan-23,Read Full Text
22-OFP-230,06-Jan-23,Read Full Text
22-OFD-229,30-Dec-22,Read Full Text
22-PVI-227,30-Dec-22,Read Full Text
22-OCI-226,29-Dec-22,Read Full Text
22-TCI-223,30-Dec-22,Read Full Text
22-OCI-222,29-Dec-22,Read Full Text
22-OCI-221,28-Dec-22,Read Full Text
22-OFP-220,23-Dec-22,Read Full Text
22-TCI-219,22-Dec-22,Read Full Text
22-OCD-218,17-Jan-23,Read Full Text
22-OCI-216,22-Dec-22,Read Full Text
22-PCI-215,22-Dec-22,Read Full Text
22-OVI-214,21-Dec-22,Read Full Text
22-OCI-212,16-Dec-22,Read Full Text
22-OCI-210,16-Dec-22,Read Full Text
22-PVD-208,12-Dec-22,Read Full Text
22-OFD-207,13-Dec-22,Read Full Text
22-TFD-205,09-Dec-22,Read Full Text
22-PCI-204,10-Dec-22,Read Full Text
22-OFP-203,09-Dec-22,Read Full Text
22-OFP-201,08-Dec-22,Read Full Text
22-OCI-200,06-Dec-22,Read Full Text
22-TCI-199,05-Dec-22,Read Full Text
22-POD-197,02-Dec-22,Read Full Text
22-TCI-196,25-Nov-22,Read Full Text
22-OVI-193,30-Nov-22,Read Full Text
22-PCI-191,25-Nov-22,Read Full Text
22-OCI-190,22-Nov-22,Read Full Text
22-TCI-189,25-Nov-22,Read Full Text
22-OCI-188,18-Nov-22,Read Full Text
22-PCD-187,18-Nov-22,Read Full Text
22-TFI-185,17-Nov-22,Read Full Text
22-OCI-182,10-Nov-22,Read Full Text
22-OVI-181,10-Nov-22,Read Full Text
22-OCI-179,08-Nov-22,Read Full Text
22-TCD-176,07-Nov-22,Read Full Text
22-OCI-174,03-Nov-22,Read Full Text
22-PFP-173,02-Nov-22,Read Full Text
22-OFP-172,01-Nov-22,Read Full Text
22-TCI-169,28-Oct-22,Read Full Text
22-TCI-167,28-Oct-22,Read Full Text
22-OFD-164,25-Oct-22,Read Full Text
22-OCI-163,25-Oct-22,Read Full Text
22-PVI-162,24-Oct-22,Read Full Text
22-PCI-161,24-Oct-22,Read Full Text
22-PVI-160,21-Oct-22,Read Full Text
22-OCI-159,21-Oct-22,Read Full Text
22-OCI-157,20-Oct-22,Read Full Text
22-PCI-155,14-Oct-22,Read Full Text
22-OCI-153,13-Oct-22,Read Full Text
22-PFP-151,07-Oct-22,Read Full Text
22-TCI-150,06-Oct-22,Read Full Text
22-PVI-149,04-Oct-22,Read Full Text
22-OCI-148,03-Oct-22,Read Full Text
22-OCI-144,28-Sep-22,Read Full Text
22-PCI-143,29-Sep-22,Read Full Text
22-PCI-140,26-Sep-22,Read Full Text
22-OCI-139,26-Sep-22,Read Full Text
22-PFP-138,23-Sep-22,Read Full Text
22-TFD-136,23-Sep-22,Read Full Text
22-PVI-132,16-Sep-22,Read Full Text
22-OCI-131,15-Sep-22,Read Full Text
22-POD-130,16-Sep-22,Read Full Text
22-TCI-129,12-Sep-22,Read Full Text
22-OCI-125,02-Sep-22,Read Full Text
22-PCD-124,02-Sep-22,Read Full Text
22-OCI-123,30-Aug-22,Read Full Text
22-OCI-122,26-Aug-22,Read Full Text
22-OFP-121,10-Aug-22,Read Full Text
22-OVI-120,26-Aug-22,Read Full Text
22-TCI-119,25-Aug-22,Read Full Text
22-OFI-118,19-Aug-22,Read Full Text
22-OCI-117,18-Aug-22,Read Full Text
22-OVI-116,18-Aug-22,Read Full Text
22-OCI-115,17-Aug-22,Read Full Text
22-PVD-114,17-Aug-22,Read Full Text
22-PCI-113,15-Aug-22,Read Full Text
22-TCD-112,12-Aug-22,Read Full Text
22-TVI-109,10-Aug-22,Read Full Text
22-OFP-108,10-Aug-22,Read Full Text
22-OCI-106,05-Aug-22,Read Full Text
22-PFP-105,05-Aug-22,Read Full Text
22-TFP-100,29-Jul-22,Read Full Text
22-OCI-098,29-Jul-22,Read Full Text
22-OVI-097,29-Jul-22,Read Full Text
22-OFP-096,29-Jul-22,Read Full Text
22-OCI-095,28-Jul-22,Read Full Text
22-OCI-094,28-Jul-22,Read Full Text
22-OCI-089,22-Jul-22,Read Full Text
22-OVI-087,21-Jul-22,Read Full Text
22-PFP-086,22-Jul-22,Read Full Text
22-OCI-085,07-Jul-22,Read Full Text
22-PCI-083,08-Jul-22,Read Full Text
22-PCD-079,08-Jul-22,Read Full Text
22-OFP-078,04-Jul-22,Read Full Text
22-OCI-077,08-Jul-22,Read Full Text
22-OVI-073,07-Jul-22,Read Full Text
22-PFP-071,06-Jul-22,Read Full Text
22-OCI-070,30-Jun-22,Read Full Text
22-OFP-068,05-Jul-22,Read Full Text
22-OVI-066,28-Jun-22,Read Full Text
22-OFP-065,30-Jun-22,Read Full Text
22-OCI-064,30-Jun-22,Read Full Text
22-PCI-061,28-Jun-22,Read Full Text
22-OFD-059,28-Jun-22,Read Full Text
22-OCI-058,24-Jun-22,Read Full Text
22-OFD-057,21-Sep-22,Read Full Text
22-OCD-056,23-Jun-22,Read Full Text
22-OCI-054,20-Jun-22,Read Full Text
22-PFP-053,20-Jun-22,Read Full Text
22-OCI-051,17-Jun-22,Read Full Text
22-OCI-048,15-Jun-22,Read Full Text
22-OCI-044,14-Jun-22,Read Full Text
22-OCI-042,09-Jun-22,Read Full Text
22-TCI-041,10-Jun-22,Read Full Text
22-OCI-040,10-Jun-22,Read Full Text
22-OCI-039,10-Jun-22,Read Full Text
22-OCI-038,09-Jun-22,Read Full Text
22-PCI-034,03-Jun-22,Read Full Text
22-OVI-033,03-Jun-22,Read Full Text
22-PCI-031,03-Jun-22,Read Full Text
22-OCI-029,31-May-22,Read Full Text
22-TCI-028,31-May-22,Read Full Text
22-OFI-027,30-May-22,Read Full Text
22-OVD-026,26-May-22,Read Full Text
22-OCI-025,27-May-22,Read Full Text
22-TCI-023,29-Aug-22,Read Full Text
22-PVI-021,20-May-22,Read Full Text
22-OFD-020,30-Dec-22,Read Full Text
22-PCD-018,20-May-22,Read Full Text
22-TCI-017,20-May-22,Read Full Text
22-PFP-016,19-May-22,Read Full Text
22-OCI-014,18-May-22,Read Full Text
22-TCI-013,18-May-22,Read Full Text
22-TCI-011,17-May-22,Read Full Text
22-OCI-008,13-May-22,Read Full Text
22-OVI-007,13-May-22,Read Full Text
22-OCD-006,05-May-22,Read Full Text
22-OCI-005,10-May-22,Read Full Text
22-PCD-004,06-May-22,Read Full Text
22-OCI-002,05-May-22,Read Full Text
22-PFP-001,03-May-22,Read Full Text
21-OVI-430,27-Apr-22,Read Full Text
21-TFP-429,27-Apr-22,Read Full Text
21-OCI-428,19-Apr-22,Read Full Text
21-OVI-427,26-Apr-22,Read Full Text
21-OCI-426,26-Apr-22,Read Full Text
21-OVI-425,22-Apr-22,Read Full Text
21-OCI-422,14-Apr-22,Read Full Text
21-OCI-421,05-Jul-22,Read Full Text
21-OFI-419,14-Apr-22,Read Full Text
21-OCI-418,13-Apr-22,Read Full Text
21-OFP-416,31-Mar-22,Read Full Text
21-TOD-415,24-Aug-22,Read Full Text
21-OCI-414,30-Mar-22,Read Full Text
21-TVI-413,08-Apr-22,Read Full Text
21-PCI-411,05-Apr-22,Read Full Text
21-OCI-410,29-Mar-22,Read Full Text
21-OCI-407,30-Mar-22,Read Full Text
21-OCI-406,23-Mar-22,Read Full Text
21-OCI-404,24-Mar-22,Read Full Text
21-OFP-403,24-Mar-22,Read Full Text
21-PFD-402,24-Mar-22,Read Full Text
21-PVI-401,24-Mar-22,Read Full Text
21-OFI-400,23-Mar-22,Read Full Text
21-PVI-399,23-Mar-22,Read Full Text
21-OCI-398,21-Mar-22,Read Full Text
21-OVI-397,08-Mar-22,Read Full Text
21-OCI-395,07-Mar-22,Read Full Text
21-OFP-393,09-Mar-22,Read Full Text
21-OCI-392,08-Mar-22,Read Full Text
21-TFP-390,08-Mar-22,Read Full Text
21-TCI-386,08-Mar-22,Read Full Text
21-PCI-385,07-Mar-22,Read Full Text
21-TCI-383,07-Mar-22,Read Full Text
21-OCI-382,09-Mar-22,Read Full Text
21-OCI-380,02-Mar-22,Read Full Text
21-OVD-379,07-Mar-22,Read Full Text
21-PVD-377,04-Mar-22,Read Full Text
21-TCD-374,01-Mar-22,Read Full Text
21-TFD-373,03-Mar-22,Read Full Text
21-PCI-371,25-Feb-22,Read Full Text
21-OCI-368,25-Feb-22,Read Full Text
21-POD-365,25-Feb-22,Read Full Text
21-OFD-363,13-Jun-22,Read Full Text
21-OVI-361,23-Feb-22,Read Full Text
21-TCI-359,18-Feb-22,Read Full Text
21-OVI-358,18-Feb-22,Read Full Text
21-OCI-352,16-Feb-22,Read Full Text
21-OFP-351,16-Feb-22,Read Full Text
21-OCI-350,14-Feb-22,Read Full Text
21-OCI-349,14-Feb-22,Read Full Text
21-TCI-346,11-Feb-22,Read Full Text
21-TCD-344,10-Feb-22,Read Full Text
21-PCI-343,17-May-22,Read Full Text
21-TCD-341,07-Feb-22,Read Full Text
21-TCD-340,04-Feb-22,Read Full Text
21-OVI-339,04-Feb-22,Read Full Text
21-OVI-336,03-Feb-22,Read Full Text
21-OCD-335,01-Feb-22,Read Full Text
21-OCD-332,28-Jan-22,Read Full Text
21-OCI-331,28-Jan-22,Read Full Text
21-OFP-330,27-Jan-22,Read Full Text
21-TCI-329,28-Jan-22,Read Full Text
21-PCI-327,27-Jan-22,Read Full Text
21-OVD-326,27-Jan-22,Read Full Text
21-PCI-324,26-Jan-22,Read Full Text
21-PCI-322,25-Jan-22,Read Full Text
21-OCI-321,25-Jan-22,Read Full Text
21-OCI-320,21-Jan-22,Read Full Text
21-TCI-318,21-Jan-22,Read Full Text
21-OVI-317,20-Jan-22,Read Full Text
21-OCI-316,20-Jan-22,Read Full Text
21-PVI-314,19-Jan-22,Read Full Text
21-OCI-313,17-Jan-22,Read Full Text
21-OFI-311,17-Jan-22,Read Full Text
21-OFI-308,14-Jan-22,Read Full Text
21-OCD-306,12-Jan-22,Read Full Text
21-TCI-305,10-Jan-22,Read Full Text
21-OVI-304,11-Jan-22,Read Full Text
21-OCD-296,05-Jan-22,Read Full Text
21-OVI-295,20-Dec-21,Read Full Text
21-PCI-294,31-Dec-21,Read Full Text
21-OFI-293,04-Jan-22,Read Full Text
21-TCI-291,29-Dec-21,Read Full Text
21-PCI-290,29-Dec-21,Read Full Text
21-TVD-289,30-Dec-21,Read Full Text
21-OVI-286,29-Dec-21,Read Full Text
21-OCI-285,24-Dec-21,Read Full Text
21-PCI-281,29-Nov-21,Read Full Text
21-OCI-280,20-Dec-21,Read Full Text
21-OCI-278,22-Nov-21,Read Full Text
21-OCI-277,23-Dec-21,Read Full Text
21-OVI-276,20-Dec-21,Read Full Text
21-OVI-274,20-Dec-21,Read Full Text
21-OCI-271,29-Nov-21,Read Full Text
21-TCI-268,22-Nov-21,Read Full Text
21-OFI-263,17-Jun-22,Read Full Text
21-OCI-262,15-Dec-21,Read Full Text
21-PVI-261,14-Dec-21,Read Full Text
21-OVI-258,12-Oct-21,Read Full Text
21-PFD-257,10-Dec-21,Read Full Text
21-TCI-256,22-Nov-21,Read Full Text
21-OCI-255,10-Dec-21,Read Full Text
21-OVD-248,03-Dec-21,Read Full Text
21-PCI-247,03-Dec-21,Read Full Text
21-OCI-246,03-Dec-21,Read Full Text
21-OCI-245,22-Nov-21,Read Full Text
21-PFD-244,23-Aug-22,Read Full Text
21-OCI-242,01-Dec-21,Read Full Text
21-TFP-241,22-Nov-21,Read Full Text
21-OCI-240,29-Nov-21,Read Full Text
21-TFP-239,29-Nov-21,Read Full Text
21-OCI-238,25-Nov-21,Read Full Text
21-OFI-232,25-Nov-21,Read Full Text
21-OFP-231,24-Nov-21,Read Full Text
21-TCI-230,22-Nov-21,Read Full Text
21-OCI-229,08-Nov-21,Read Full Text
21-OCD-228,17-Nov-21,Read Full Text
21-POD-224,08-Nov-21,Read Full Text
21-OCD-221,12-Nov-21,Read Full Text
21-OFP-220,07-Feb-22,Read Full Text
21-OCD-216,08-Nov-21,Read Full Text
21-OCI-215,04-Nov-21,Read Full Text
21-TCI-214,07-Feb-22,Read Full Text
21-OFP-210,02-Nov-21,Read Full Text
21-PVI-209,02-Nov-21,Read Full Text
21-TCD-208,02-Nov-21,Read Full Text
21-OCI-207,01-Nov-21,Read Full Text
21-PCI-206,28-Oct-21,Read Full Text
21-OCD-204,29-Oct-21,Read Full Text
21-PVI-203,28-Oct-21,Read Full Text
21-OVI-194,22-Oct-21,Read Full Text
21-OCD-193,21-Oct-21,Read Full Text
21-OFI-192,21-Oct-21,Read Full Text
21-OCI-191,19-Oct-21,Read Full Text
21-OCI-190,19-Oct-21,Read Full Text
21-OCI-189,18-Oct-21,Read Full Text
21-OCD-188,18-Oct-21,Read Full Text
21-OCI-187,15-Oct-21,Read Full Text
21-TCI-186,20-Dec-21,Read Full Text
21-OCI-184,27-Sep-21,Read Full Text
21-OCI-182,07-Oct-21,Read Full Text
21-OFP-181,06-Oct-21,Read Full Text
21-TCD-179,07-Oct-21,Read Full Text
21-OSA-176,04-Oct-21,Read Full Text
21-TCI-172,01-Oct-21,Read Full Text
21-TFI-168,27-Sep-21,Read Full Text
21-TFP-167,24-Sep-21,Read Full Text
21-OVI-166,23-Sep-21,Read Full Text
21-OCI-165,22-Sep-21,Read Full Text
21-POD-164,22-Sep-21,Read Full Text
21-OVD-163,21-Sep-21,Read Full Text
21-OVI-162,17-Sep-21,Read Full Text
21-TFD-161,17-Sep-21,Read Full Text
21-OCI-159,16-Sep-21,Read Full Text
21-TCD-157,15-Sep-21,Read Full Text
21-OCI-153,08-Sep-21,Read Full Text
21-TVI-152,08-Sep-21,Read Full Text
21-OCI-151,09-Sep-21,Read Full Text
21-OCI-148,08-Sep-21,Read Full Text
21-OVI-146,08-Sep-21,Read Full Text
21-PFP-142,01-Sep-21,Read Full Text
21-OCI-139,16-Aug-21,Read Full Text
21-OVI-136,25-Aug-21,Read Full Text
21-OCI-135,21-Jun-21,Read Full Text
21-OCI-134,23-Aug-21,Read Full Text
21-PCI-132,07-Jun-22,Read Full Text
21-OCI-131,20-Aug-21,Read Full Text
21-OCI-129,19-Aug-21,Read Full Text
21-PFP-126,17-Aug-21,Read Full Text
21-OFP-124,13-Aug-21,Read Full Text
21-OFP-123,13-Aug-21,Read Full Text
21-OCI-121,08-Nov-21,Read Full Text
21-OFP-120,13-Aug-21,Read Full Text
21-PVI-119,06-Aug-21,Read Full Text
21-TFI-118,11-Aug-21,Read Full Text
21-OFP-116,06-Aug-21,Read Full Text
21-TFP-115,04-Aug-21,Read Full Text
21-OFP-113,03-Aug-21,Read Full Text
21-PFP-112,03-Aug-21,Read Full Text
21-OCD-110,05-Aug-21,Read Full Text
21-OCI-109,08-Nov-21,Read Full Text
21-PFD-107,06-Dec-21,Read Full Text
21-OFP-105,03-Aug-21,Read Full Text
21-OCD-104,31-Aug-22,Read Full Text
21-TCD-103,28-Jul-21,Read Full Text
21-OFI-102,29-Jul-21,Read Full Text
21-PVD-100,12-Jul-21,Read Full Text
21-OCI-099,28-Jul-21,Read Full Text
21-OVI-097,28-Jul-21,Read Full Text
21-OFP-096,26-Jul-21,Read Full Text
21-TCD-095,23-Jul-21,Read Full Text
21-OFI-092,20-Jul-21,Read Full Text
21-PCD-091,15-Jul-21,Read Full Text
21-OCD-090,16-Jul-21,Read Full Text
21-OSA-088,13-Jul-21,Read Full Text
21-TCI-087,15-Jul-21,Read Full Text
21-OCI-086,15-Jul-21,Read Full Text
21-OCI-085,15-Jul-21,Read Full Text
21-OCI-084,14-Jul-21,Read Full Text
21-OCI-082,13-Jul-21,Read Full Text
21-OCI-080,12-Jul-21,Read Full Text
21-TCI-079,09-Jul-21,Read Full Text
21-TFP-076,07-Jul-21,Read Full Text
21-PCI-075,07-Jul-21,Read Full Text
21-OVI-074,05-Jul-21,Read Full Text
21-TCI-071,28-Jun-21,Read Full Text
21-OCI-069,28-Jun-21,Read Full Text
21-PVD-064,24-Jun-21,Read Full Text
21-OCI-062,05-Jul-21,Read Full Text
21-PCI-061,14-Jun-21,Read Full Text
21-TFD-059,22-Jun-21,Read Full Text
21-OCI-058,22-Jun-21,Read Full Text
21-OCI-057,17-Jun-21,Read Full Text
21-OCD-056,10-May-21,Read Full Text
21-PCI-054,17-Jun-21,Read Full Text
21-PCI-053,10-May-21,Read Full Text
21-OOD-052,03-Aug-22,Read Full Text
21-OCI-049,09-Jun-21,Read Full Text
21-TCI-048,11-Jun-21,Read Full Text
21-TCI-045,19-Apr-21,Read Full Text
21-OCD-044,10-Jun-21,Read Full Text
21-OVD-042,10-Jun-21,Read Full Text
21-OFD-040,04-Jun-21,Read Full Text
21-OFP-039,04-Jun-21,Read Full Text
21-OVI-038,10-May-21,Read Full Text
21-TFI-037,03-Jun-21,Read Full Text
21-OCD-036,08-Nov-21,Read Full Text
21-OCD-035,31-May-21,Read Full Text
21-OCI-033,28-May-21,Read Full Text
21-OVI-029,25-May-21,Read Full Text
21-OCI-028,30-Mar-21,Read Full Text
21-OCD-027,25-May-22,Read Full Text
21-OCI-026,11-May-21,Read Full Text
21-OCI-025,10-May-21,Read Full Text
21-TCI-024,20-May-21,Read Full Text
21-OCD-023,20-Apr-22,Read Full Text
21-TCI-022,14-May-21,Read Full Text
21-OCI-020,12-May-21,Read Full Text
21-TFI-019,13-May-21,Read Full Text
21-OCD-018,25-Feb-21,Read Full Text
21-TCI-015,03-May-21,Read Full Text
21-PCI-014,06-Apr-21,Read Full Text
21-PCI-013,04-May-21,Read Full Text
21-PFP-012,03-May-21,Read Full Text
21-OCI-011,04-May-21,Read Full Text
21-TCI-010,05-May-21,Read Full Text
21-OSA-009,15-Mar-21,Read Full Text
21-OVI-008,03-May-21,Read Full Text
21-OFD-007,22-Dec-21,Read Full Text
21-OCD-005,22-Apr-21,Read Full Text
21-OCI-004,29-Apr-21,Read Full Text
21-OCI-003,12-Apr-21,Read Full Text
21-TVD-002,30-Mar-21,Read Full Text
21-TCI-001,06-Apr-21,Read Full Text
20-OCI-361,08-Mar-21,Read Full Text
20-OFI-360,22-Apr-21,Read Full Text
20-OOD-355,13-Apr-21,Read Full Text
20-OCI-354,01-Apr-21,Read Full Text
20-OVI-352,14-Apr-21,Read Full Text
20-OCI-351,08-Feb-21,Read Full Text
20-OCI-350,15-Mar-21,Read Full Text
20-OFP-349,29-Mar-21,Read Full Text
20-OFP-348,13-Apr-21,Read Full Text
20-TFP-347,22-Mar-21,Read Full Text
20-TCI-344,30-Mar-21,Read Full Text
20-OSA-342,22-Mar-21,Read Full Text
20-PVI-340,03-Apr-21,Read Full Text
20-OCI-338,30-Mar-21,Read Full Text
20-TFI-336,22-Mar-21,Read Full Text
20-OCI-335,15-Mar-21,Read Full Text
20-OCI-334,22-Mar-21,Read Full Text
20-PCI-329,06-Apr-21,Read Full Text
20-OVI-328,30-Aug-21,Read Full Text
20-PCD-326,30-Aug-21,Read Full Text
20-OCI-323,03-May-21,Read Full Text
20-OFI-322,08-Sep-21,Read Full Text
20-OCD-320,12-Jul-21,Read Full Text
20-OOD-318,12-Jul-21,Read Full Text
20-OCI-317,25-May-21,Read Full Text
20-OCI-316,12-Jul-21,Read Full Text
20-PVI-315,25-May-21,Read Full Text
20-PFD-314,22-Mar-21,Read Full Text
20-PCI-312,16-Aug-21,Read Full Text
20-PCI-311,23-Nov-21,Read Full Text
20-PVI-310,16-Feb-21,Read Full Text
20-OCI-309,26-Apr-21,Read Full Text
20-TCI-306,28-Jun-21,Read Full Text
20-TCD-305,29-Mar-21,Read Full Text
20-PVI-304,21-Jun-21,Read Full Text
20-PCI-303,08-Feb-21,Read Full Text
20-TCI-302,19-Apr-21,Read Full Text
20-OCI-301,19-Apr-21,Read Full Text
20-OCD-300,14-Apr-21,Read Full Text
20-OCI-299,22-Mar-21,Read Full Text
20-OCI-297,28-Jun-21,Read Full Text
20-OCI-296,16-Feb-21,Read Full Text
20-PCI-294,30-Mar-21,Read Full Text
20-TCD-293,17-May-21,Read Full Text
20-TVI-292,25-Jan-21,Read Full Text
20-PCI-290,26-Apr-21,Read Full Text
20-OFI-289,21-Jun-21,Read Full Text
20-OCI-288,08-Apr-21,Read Full Text
20-OCI-287,06-Apr-21,Read Full Text
20-PCD-285,08-Feb-21,Read Full Text
20-TCD-284,26-Oct-21,Read Full Text
20-PVI-283,01-Feb-21,Read Full Text
20-TVI-282,03-May-21,Read Full Text
20-TCI-281,12-Apr-21,Read Full Text
20-PCI-278,25-Jan-21,Read Full Text
20-TCI-277,27-Apr-21,Read Full Text
20-OCI-276,07-Apr-21,Read Full Text
20-PCD-273,16-Aug-21,Read Full Text
20-OCI-272,19-Apr-21,Read Full Text
20-PVI-270,11-Jan-21,Read Full Text
20-OCD-268,16-Aug-21,Read Full Text
20-OVI-267,15-Mar-21,Read Full Text
20-PCI-266,22-Mar-21,Read Full Text
20-TCI-265,06-Apr-21,Read Full Text
20-OVI-264,19-Apr-21,Read Full Text
20-OVI-263,08-Mar-21,Read Full Text
20-OVI-262,19-Apr-21,Read Full Text
20-OCI-261,22-Mar-21,Read Full Text
20-OVI-260,10-May-21,Read Full Text
20-OCI-257,08-Mar-21,Read Full Text
20-OCD-256,30-Aug-21,Read Full Text
20-PCI-255,06-Apr-21,Read Full Text
20-TVI-253,13-Sep-21,Read Full Text
20-OCI-252,22-Mar-21,Read Full Text
20-PVI-250,15-Mar-21,Read Full Text
20-OCI-249,01-Feb-21,Read Full Text
20-TCI-248,22-Mar-21,Read Full Text
20-OCI-247,11-Jan-21,Read Full Text
20-OVI-244,15-Mar-21,Read Full Text
20-PVD-243,14-Dec-20,Read Full Text
20-OCI-242,08-Mar-21,Read Full Text
20-PCI-240,06-Jan-21,Read Full Text
20-OVI-239,21-Dec-20,Read Full Text
20-OCI-237,04-Jan-21,Read Full Text
20-OCI-236,06-Jan-21,Read Full Text
20-OCI-235,06-Apr-21,Read Full Text
20-PCD-230,21-Jun-21,Read Full Text
20-OVI-227,25-Feb-21,Read Full Text
20-TCI-226,22-Apr-21,Read Full Text
20-PFD-225,23-Aug-21,Read Full Text
20-PCI-219,19-Apr-21,Read Full Text
20-PCD-217,15-Mar-21,Read Full Text
20-OCD-216,22-Mar-21,Read Full Text
20-TCI-215,08-Mar-21,Read Full Text
20-OVD-214,20-Apr-21,Read Full Text
20-OCI-209,25-Jan-21,Read Full Text
20-PCD-208,16-Feb-21,Read Full Text
20-TCD-207,01-Mar-21,Read Full Text
20-TVI-206,16-Feb-21,Read Full Text
20-OVI-204,20-Jan-21,Read Full Text
20-OFI-202,14-Jun-21,Read Full Text
20-OCI-201,25-Jan-21,Read Full Text
20-TCI-200,16-Aug-21,Read Full Text
20-TVI-199,01-Feb-21,Read Full Text
20-PCI-198,11-Jan-21,Read Full Text
20-OCI-197,23-Nov-20,Read Full Text
20-PCI-195,01-Mar-21,Read Full Text
20-PCI-194,08-Mar-21,Read Full Text
20-OVI-191,09-Sep-20,Read Full Text
20-OCI-188,25-Jan-21,Read Full Text
20-PCI-186,25-Jan-21,Read Full Text
20-TCI-184,25-Jan-21,Read Full Text
20-OCD-183,16-Feb-21,Read Full Text
20-TVI-182,25-Jan-21,Read Full Text
20-OVD-181,01-Feb-21,Read Full Text
20-PCI-180,08-Sep-20,Read Full Text
20-OCI-178,25-Jan-21,Read Full Text
20-OCI-177,16-Feb-21,Read Full Text
20-OCI-176,25-Jan-21,Read Full Text
20-TVI-174,19-Oct-20,Read Full Text
20-PFD-173,14-Jun-21,Read Full Text
20-OCI-170,28-Sep-20,Read Full Text
20-OCI-167,11-Jan-21,Read Full Text
20-OFD-166,08-Mar-21,Read Full Text
20-OCI-163,16-Feb-21,Read Full Text
20-OVI-161,16-Feb-21,Read Full Text
20-OCI-160,06-Jan-21,Read Full Text
20-OFI-158,16-Feb-21,Read Full Text
20-OCI-157,16-Nov-20,Read Full Text
20-PVI-156,21-Dec-20,Read Full Text
20-PVI-155,26-Apr-21,Read Full Text
20-PCI-147,08-Feb-21,Read Full Text
20-OVI-146,25-Jan-21,Read Full Text
20-OCI-145,13-Oct-20,Read Full Text
20-OFD-144,15-Mar-21,Read Full Text
20-OCI-143,28-Sep-20,Read Full Text
20-OVD-142,13-Oct-20,Read Full Text
20-PCI-139,16-Feb-21,Read Full Text
20-TVI-138,30-Nov-20,Read Full Text
20-OVI-137,11-Jan-21,Read Full Text
20-OCI-136,14-Sep-20,Read Full Text
20-OCI-135,28-Sep-20,Read Full Text
20-PCI-134,13-Oct-20,Read Full Text
20-OCD-133,01-Mar-21,Read Full Text
20-OCI-129,19-Apr-21,Read Full Text
20-PCI-128,18-Jan-21,Read Full Text
20-TVI-127,14-Sep-20,Read Full Text
20-TCI-126,09-Nov-20,Read Full Text
20-TCD-124,21-Aug-20,Read Full Text
20-PCI-123,08-Feb-21,Read Full Text
20-OCI-122,09-Nov-20,Read Full Text
20-PVI-119,23-Nov-20,Read Full Text
20-PCI-118,08-Sep-20,Read Full Text
20-OCD-117,12-Jul-21,Read Full Text
20-OCI-115,17-Aug-20,Read Full Text
20-OCI-114,09-Nov-20,Read Full Text
20-PCD-113,08-Feb-21,Read Full Text
20-OVI-112,16-Nov-20,Read Full Text
20-OCI-111,09-Nov-20,Read Full Text
20-OCI-110,14-Sep-20,Read Full Text
20-OCD-108,25-Jan-21,Read Full Text
20-TCI-107,09-Nov-20,Read Full Text
20-PCI-106,18-Jan-21,Read Full Text
20-OCI-105,13-Jul-20,Read Full Text
20-OCD-103,02-Sep-20,Read Full Text
20-OCI-102,21-Sep-20,Read Full Text
20-OFI-100,16-Feb-21,Read Full Text
20-TFD-098,09-Feb-21,Read Full Text
20-OVI-096,10-May-21,Read Full Text
20-OCI-094,14-Jul-20,Read Full Text
20-OCI-093,05-Aug-20,Read Full Text
20-PCD-092,19-May-20,Read Full Text
20-TCI-090,14-Jul-20,Read Full Text
20-TCD-089,01-Feb-21,Read Full Text
20-PVI-088,08-Jun-20,Read Full Text
20-TFI-087,25-Jan-21,Read Full Text
20-TCI-086,08-Sep-20,Read Full Text
20-TVI-084,18-Feb-21,Read Full Text
20-TVI-082,19-Apr-21,Read Full Text
20-OCI-081,25-May-20,Read Full Text
20-PVI-080,17-Aug-20,Read Full Text
20-OCI-079,14-Jul-20,Read Full Text
20-PFD-078,18-Jan-21,Read Full Text
20-OFD-075,03-Dec-20,Read Full Text
20-PVI-074,13-Oct-20,Read Full Text
20-PVI-072,14-Sep-20,Read Full Text
20-TCI-070,14-Jul-20,Read Full Text
20-PCI-068,14-Jul-20,Read Full Text
20-OCI-067,08-Jun-20,Read Full Text
20-PCI-066,22-Jun-20,Read Full Text
20-OCD-065,04-May-20,Read Full Text
20-OCI-064,14-Jul-20,Read Full Text
20-TCD-063,08-Feb-21,Read Full Text
20-OCI-059,14-Sep-20,Read Full Text
20-OVI-057,08-Feb-21,Read Full Text
20-PCD-055,31-Jul-20,Read Full Text
20-OCI-050,01-Jun-20,Read Full Text
20-OCD-047,21-Sep-20,Read Full Text
20-OCI-046,10-Aug-20,Read Full Text
20-OCI-045,24-Aug-20,Read Full Text
20-OVI-044,06-Jul-20,Read Full Text
20-PCI-042,21-Sep-20,Read Full Text
20-OCI-041,17-Aug-20,Read Full Text
20-OCI-039,01-Jun-20,Read Full Text
20-OCI-038,13-Jul-20,Read Full Text
20-PCI-037,10-Aug-20,Read Full Text
20-PCD-035,18-Jan-21,Read Full Text
20-PCI-034,23-Jun-20,Read Full Text
20-TCI-024,05-Nov-20,Read Full Text
20-OCI-022,01-Jun-20,Read Full Text
20-TCI-021,15-Jun-20,Read Full Text
20-OCI-018,19-May-20,Read Full Text
20-OCI-017,25-May-20,Read Full Text
20-TCI-015,01-Jun-20,Read Full Text
20-OFI-012,06-Jul-20,Read Full Text
20-OVI-011,13-Jul-20,Read Full Text
20-OCI-010,12-Aug-20,Read Full Text
20-TFD-008,09-Nov-20,Read Full Text
20-OFD-005,11-Jan-21,Read Full Text
20-PCI-004,28-Apr-20,Read Full Text
20-OCI-003,25-May-20,Read Full Text
20-OCI-001,14-Jul-20,Read Full Text
19-OVD-314,19-May-20,Read Full Text
19-OFD-313,10-Aug-20,Read Full Text
19-OCI-312,06-Jul-20,Read Full Text
19-OCI-311,08-Jun-20,Read Full Text
19-PCI-308,11-May-20,Read Full Text
19-OCI-307,11-May-20,Read Full Text
19-OCI-305,04-May-20,Read Full Text
19-TVI-304,18-Jun-20,Read Full Text
19-PFI-302,19-May-20,Read Full Text
19-TFI-300,22-Jun-20,Read Full Text
19-TCI-298,25-May-20,Read Full Text
19-OCI-296,14-Sep-20,Read Full Text
19-OVI-295,13-Jul-20,Read Full Text
19-OCI-294,01-Jun-20,Read Full Text
19-PFD-293,23-Nov-20,Read Full Text
19-OCI-292,28-Apr-20,Read Full Text
19-OCI-289,13-Jul-20,Read Full Text
19-OFI-286,04-Jan-21,Read Full Text
19-PVI-284,28-Apr-20,Read Full Text
19-OCI-282,11-May-20,Read Full Text
19-OCI-281,08-Jun-20,Read Full Text
19-OCI-279,01-Jun-20,Read Full Text
19-OCI-278,14-Jul-20,Read Full Text
19-OCD-277,25-Mar-21,Read Full Text
19-POD-275,04-May-20,Read Full Text
19-OCI-273,08-Jun-20,Read Full Text
19-OCI-272,11-May-20,Read Full Text
19-TCI-271,08-Jun-20,Read Full Text
19-OCI-268,19-May-20,Read Full Text
19-PFD-267,27-Apr-20,Read Full Text
19-OCI-265,14-Jul-20,Read Full Text
19-TCI-261,27-Apr-20,Read Full Text
19-OCD-259,20-Apr-20,Read Full Text
19-TCI-258,28-Apr-20,Read Full Text
19-OCI-256,20-Apr-20,Read Full Text
19-TFI-254,30-Mar-20,Read Full Text
19-OVI-250,11-May-20,Read Full Text
19-OCI-249,27-Apr-20,Read Full Text
19-OCI-248,28-Apr-20,Read Full Text
19-PFI-247,11-May-20,Read Full Text
19-PCI-244,20-Apr-20,Read Full Text
19-TCI-242,20-Apr-20,Read Full Text
19-OOD-240,01-Jun-20,Read Full Text
19-OCI-238,04-May-20,Read Full Text
19-PVI-237,09-Mar-20,Read Full Text
19-PVI-236,20-Apr-20,Read Full Text
19-OCI-235,01-Jun-20,Read Full Text
19-PCI-234,10-Aug-20,Read Full Text
19-TVI-231,14-Apr-20,Read Full Text
19-OCI-230,04-May-20,Read Full Text
19-PVD-229,14-Apr-20,Read Full Text
19-TCI-226,25-May-20,Read Full Text
19-PCI-224,18-Feb-20,Read Full Text
19-OCI-223,18-Feb-20,Read Full Text
19-OFD-222,05-May-20,Read Full Text
19-OCI-221,25-May-20,Read Full Text
19-OVI-220,04-May-20,Read Full Text
19-OCD-219,16-Nov-20,Read Full Text
19-OCI-217,20-Apr-20,Read Full Text
19-OCD-213,27-Apr-20,Read Full Text
19-OVI-211,18-Nov-19,Read Full Text
19-TVI-210,21-Apr-20,Read Full Text
19-TCI-209,20-May-20,Read Full Text
19-OCD-206,19-May-20,Read Full Text
19-OVI-205,14-Apr-20,Read Full Text
19-PVI-203,14-Apr-20,Read Full Text
19-OCI-202,14-Apr-20,Read Full Text
19-PCI-200,18-Feb-20,Read Full Text
19-OCI-199,25-May-20,Read Full Text
19-TCI-198,11-May-20,Read Full Text
19-OCI-197,04-Nov-19,Read Full Text
19-OVD-196,06-Apr-20,Read Full Text
19-OCI-195,06-Apr-20,Read Full Text
19-OFI-193,09-Dec-19,Read Full Text
19-PVI-190,06-Apr-20,Read Full Text
19-TCI-189,30-Mar-20,Read Full Text
19-TCI-187,15-Jun-20,Read Full Text
19-OCI-186,04-May-20,Read Full Text
19-OCI-185,14-Apr-20,Read Full Text
19-TCI-184,30-Mar-20,Read Full Text
19-OCD-183,12-Apr-21,Read Full Text
19-OCI-181,05-Feb-20,Read Full Text
19-OCI-179,30-Mar-20,Read Full Text
19-OFI-177,27-Apr-20,Read Full Text
19-PCI-174,14-Apr-20,Read Full Text
19-OCI-171,14-Apr-20,Read Full Text
19-OFD-170,08-Jun-20,Read Full Text
19-OCD-169,13-Oct-20,Read Full Text
19-PVI-167,30-Mar-20,Read Full Text
19-PCI-166,30-Mar-20,Read Full Text
19-OCI-163,30-Mar-20,Read Full Text
19-OVD-161,23-Mar-20,Read Full Text
19-OCI-160,10-Feb-20,Read Full Text
19-OOD-158,15-Mar-21,Read Full Text
19-TCI-156,06-Jul-20,Read Full Text
19-PVI-155,02-Aug-19,Read Full Text
19-PCI-152,09-Dec-19,Read Full Text
19-TVI-150,16-Dec-19,Read Full Text
19-OCI-149,16-Dec-19,Read Full Text
19-TFD-147,09-Mar-20,Read Full Text
19-OCI-146,11-May-20,Read Full Text
19-OVI-145,16-Jun-20,Read Full Text
19-TVD-144,09-Dec-19,Read Full Text
19-TCI-139,18-Feb-20,Read Full Text
19-PFD-134,06-Apr-20,Read Full Text
19-OCI-130,03-Dec-19,Read Full Text
19-PVI-129,10-Feb-20,Read Full Text
19-PCD-128,31-Aug-20,Read Full Text
19-OCI-127,09-Dec-19,Read Full Text
19-OCI-126,10-Feb-20,Read Full Text
19-TCI-125,03-Dec-19,Read Full Text
19-OCD-120,09-Dec-19,Read Full Text
19-OCI-117,18-Feb-20,Read Full Text
19-OCI-115,25-Nov-19,Read Full Text
19-PCD-112,18-Feb-20,Read Full Text
19-OCI-111,04-Nov-19,Read Full Text
19-OCI-110,18-Nov-19,Read Full Text
19-PCI-107,16-Dec-19,Read Full Text
19-OCI-102,13-Sep-19,Read Full Text
19-PCI-101,04-Nov-19,Read Full Text
19-OVI-100,17-Jul-19,Read Full Text
19-TCD-098,25-Nov-19,Read Full Text
19-PCD-097,04-Jun-19,Read Full Text
19-OCI-094,25-Nov-19,Read Full Text
19-OCI-089,04-Nov-19,Read Full Text
19-OCI-088,04-Nov-19,Read Full Text
19-OCD-087,25-Nov-19,Read Full Text
19-OCI-084,18-Nov-19,Read Full Text
19-OVI-083,14-Aug-19,Read Full Text
19-OVI-081,04-Nov-19,Read Full Text
19-PCI-078,07-Feb-20,Read Full Text
19-OCI-075,04-Nov-19,Read Full Text
19-OFI-074,30-Mar-20,Read Full Text
19-TCI-073a,09-Sep-20,Read Full Text
19-TCI-073,18-Nov-19,Read Full Text
19-OCI-072,21-Oct-19,Read Full Text
19-OCI-071,13-Jul-20,Read Full Text
19-TFI-070,05-Feb-20,Read Full Text
19-OCI-069,21-Jan-20,Read Full Text
19-PVI-067,05-Feb-20,Read Full Text
19-PCI-065,04-Nov-19,Read Full Text
19-PCI-064,04-Nov-19,Read Full Text
19-TCI-063,15-Oct-19,Read Full Text
19-OCI-059,15-Oct-19,Read Full Text
19-PCD-057,14-Apr-20,Read Full Text
19-PVI-056,21-Oct-19,Read Full Text
19-TCI-054,04-Jul-19,Read Full Text
19-OCI-053,21-Oct-19,Read Full Text
19-OCI-049,15-Oct-19,Read Full Text
19-OCI-048,06-Apr-20,Read Full Text
19-TCI-047,15-Oct-19,Read Full Text
19-OCI-046,04-Nov-19,Read Full Text
19-TCI-042,16-Oct-19,Read Full Text
19-OCI-039,07-Oct-19,Read Full Text
19-OCI-038,07-Oct-19,Read Full Text
19-OCI-030,07-Oct-19,Read Full Text
19-OFD-024,13-Feb-20,Read Full Text
19-TFI-023,04-Nov-19,Read Full Text
19-PCD-021,03-Apr-19,Read Full Text
19-OCI-020,07-Oct-19,Read Full Text
19-OCI-017,07-Oct-19,Read Full Text
19-OVD-015,03-Apr-19,Read Full Text
19-OVI-010,25-Jun-19,Read Full Text
19-OCI-009,15-Oct-19,Read Full Text
19-OCI-006,15-Oct-19,Read Full Text
19-OCI-004,21-Oct-19,Read Full Text
19-OCI-002,07-Oct-19,Read Full Text
18-OCI-381,07-Oct-19,Read Full Text
18-OVI-380,13-Sep-19,Read Full Text
18-OCD-379,13-Sep-19,Read Full Text
18-OCI-377,02-Jul-19,Read Full Text
18-OCI-376,23-Sep-19,Read Full Text
18-TVI-375,23-Sep-19,Read Full Text
18-OCI-373,30-Mar-20,Read Full Text
18-OCI-372,13-Sep-19,Read Full Text
18-OFI-371,12-Jun-19,Read Full Text
18-OCI-370,23-Sep-19,Read Full Text
18-TCI-369,23-Sep-19,Read Full Text
18-OCI-367,23-Sep-19,Read Full Text
18-PVI-365,23-Sep-19,Read Full Text
18-OCI-361,23-Sep-19,Read Full Text
18-OCI-356,13-Sep-19,Read Full Text
18-TCI-354,23-Sep-19,Read Full Text
18-PCI-351,23-Sep-19,Read Full Text
18-TCI-348,21-Jan-20,Read Full Text
18-OCI-342,07-Oct-19,Read Full Text
18-OCI-342 (rectificatif),03-Dec-19,Read Full Text
18-OVI-340,13-Sep-19,Read Full Text
18-TFI-338,23-Sep-19,Read Full Text
18-PCI-337,13-Sep-19,Read Full Text
18-OVI-336,28-Jun-19,Read Full Text
18-TCI-334,23-Sep-19,Read Full Text
18-OCI-333,23-Sep-19,Read Full Text
18-OVI-330,28-Oct-19,Read Full Text
18-OCI-327,13-Sep-19,Read Full Text
18-OCI-326,13-Sep-19,Read Full Text
18-OCI-325,13-Sep-19,Read Full Text
18-OCI-323,28-Oct-19,Read Full Text
18-PCD-322,22-Feb-19,Read Full Text
18-TCI-321,26-Aug-19,Read Full Text
18-TVD-318,04-Jun-19,Read Full Text
18-PCI-317,23-Sep-19,Read Full Text
18-TCI-315,01-Oct-19,Read Full Text
18-OCI-314,13-Sep-19,Read Full Text
18-OCI-312,13-Sep-19,Read Full Text
18-OFD-308,23-Sep-19,Read Full Text
18-OCD-303,06-Sep-19,Read Full Text
18-PCI-302,13-Sep-19,Read Full Text
18-OCD-297,26-Aug-19,Read Full Text
18-OFI-295,05-Feb-19,Read Full Text
18-PCI-294,06-Sep-19,Read Full Text
18-TCD-291,06-Sep-19,Read Full Text
18-OFD-283 (rectificatif),15-Jul-19,Read Full Text
18-OFD-283,24-May-19,Read Full Text
18-OCI-282,26-Aug-19,Read Full Text
18-OCI-281,06-Sep-19,Read Full Text
18-TVI-280,13-Sep-19,Read Full Text
18-PCD-279,06-Sep-19,Read Full Text
18-OCD-278,06-Sep-19,Read Full Text
18-OCI-276,17-Jul-19,Read Full Text
18-OFI-275,09-Oct-19,Read Full Text
18-OCD-273,26-Aug-19,Read Full Text
18-TCI-271,25-Feb-19,Read Full Text
18-POD-270,02-Oct-19,Read Full Text
18-OCI-269,16-Apr-19,Read Full Text
18-PFI-267,21-Oct-19,Read Full Text
18-OCI-265,26-Aug-19,Read Full Text
18-PCD-263,16-Jan-19,Read Full Text
18-OVI-262,25-Jul-19,Read Full Text
18-OCI-256,19-Aug-19,Read Full Text
18-PCD-251,17-Jul-19,Read Full Text
18-TCI-250,26-Aug-19,Read Full Text
18-TCI-244,19-Aug-19,Read Full Text
18-OCI-242,14-Aug-19,Read Full Text
18-OCI-240,19-Aug-19,Read Full Text
18-OCI-238,02-Aug-19,Read Full Text
18-PCI-237,19-Aug-19,Read Full Text
18-TCI-234,26-Aug-19,Read Full Text
18-OVI-231,01-Aug-19,Read Full Text
18-TCI-230,16-Aug-19,Read Full Text
18-OCI-228,02-Aug-19,Read Full Text
18-OVI-224,19-Aug-19,Read Full Text
18-OCI-221,19-Aug-19,Read Full Text
18-TCD-220,07-Jan-19,Read Full Text
18-OCI-217,01-Aug-19,Read Full Text
18-PCI-216,26-Aug-19,Read Full Text
18-PCI-209,24-Jul-19,Read Full Text
18-OCI-208,01-Aug-19,Read Full Text
18-OCI-205,24-Jul-19,Read Full Text
18-OCI-203,19-Aug-19,Read Full Text
18-TVI-197,01-Aug-19,Read Full Text
18-TCI-196,27-Jun-19,Read Full Text
18-OCI-194,10-Jun-19,Read Full Text
18-PVI-193,06-Jun-19,Read Full Text
18-TVI-188,03-Jun-19,Read Full Text
18-OCD-186,14-Jan-19,Read Full Text
18-OVI-182,04-Mar-19,Read Full Text
18-POD-180,27-Jun-19,Read Full Text
18-OCI-178,02-Aug-19,Read Full Text
18-PFI-177,20-Mar-19,Read Full Text
18-OCI-176,23-May-19,Read Full Text
18-OCI-173,23-May-19,Read Full Text
18-TFD-172,28-Mar-19,Read Full Text
18-OVI-169,16-Jul-19,Read Full Text
18-OCI-168,31-May-19,Read Full Text
18-PCI-166,17-May-19,Read Full Text
18-OCI-165,06-May-19,Read Full Text
18-OVI-163,24-Apr-19,Read Full Text
18-OCI-162,16-Apr-19,Read Full Text
18-OCI-160,02-May-19,Read Full Text
18-TCD-155,21-Mar-19,Read Full Text
18-OVI-154,23-May-19,Read Full Text
18-OVI-151,16-Apr-19,Read Full Text
18-TCD-150,23-May-19,Read Full Text
18-OVI-147,18-Apr-19,Read Full Text
18-OFI-146,22-Mar-19,Read Full Text
18-OCI-143,03-May-19,Read Full Text
18-TCI-141,03-May-19,Read Full Text
18-PVI-140,20-Feb-19,Read Full Text
18-PCI-133,29-Apr-19,Read Full Text
18-OOD-130,20-Mar-19,Read Full Text
18-TCI-129,03-May-19,Read Full Text
18-OCI-128,03-May-19,Read Full Text
18-TCI-126,07-May-19,Read Full Text
18-PCD-125,28-Feb-19,Read Full Text
18-OCI-124,28-Jan-19,Read Full Text
18-TVI-118,10-May-19,Read Full Text
18-PCD-117,15-May-19,Read Full Text
18-OFD-102,06-Mar-19,Read Full Text
18-TCI-101,29-Jan-19,Read Full Text
18-OCI-100,11-Feb-19,Read Full Text
18-OFI-098,22-Feb-19,Read Full Text
18-OCI-085,14-Feb-19,Read Full Text
18-OFD-083,31-Jan-19,Read Full Text
18-OCI-082,15-Jul-19,Read Full Text
18-OCI-081,10-May-19,Read Full Text
18-PVI-080,25-Jan-19,Read Full Text
18-PCI-076,22-Feb-19,Read Full Text
18-OCI-073,13-Feb-19,Read Full Text
18-OCI-069,12-Feb-19,Read Full Text
18-PVD-068,28-Jan-19,Read Full Text
18-OCI-067,01-Feb-19,Read Full Text
18-PCI-065,17-Jan-19,Read Full Text
18-OVD-062,13-May-19,Read Full Text
18-TCI-061,15-Jan-19,Read Full Text
18-OFD-060,21-Jan-19,Read Full Text
18-TCI-058,24-Jan-19,Read Full Text
18-OCI-057,24-Dec-18,Read Full Text
18-OCI-056,23-Jan-19,Read Full Text
18-OCD-053,09-Apr-19,Read Full Text
18-TCI-052,23-Jan-19,Read Full Text
18-OCD-051,02-Nov-18,Read Full Text
18-OCD-050,20-Dec-18,Read Full Text
18-OVI-048,20-Dec-18,Read Full Text
18-OCI-045,20-Dec-18,Read Full Text
18-PCI-044,06-Dec-18,Read Full Text
18-TCI-043,10-Dec-18,Read Full Text
18-OCI-038,20-Dec-18,Read Full Text
18-OCI-036,10-Dec-18,Read Full Text
18-OCD-033,30-Nov-18,Read Full Text
18-OCI-032,18-Dec-18,Read Full Text
18-OFD-030,14-Dec-18,Read Full Text
18-PVI-028,28-Nov-18,Read Full Text
18-TCI-027,28-Nov-18,Read Full Text
18-TCI-026,20-Dec-18,Read Full Text
18-OVI-025,21-Nov-18,Read Full Text
18-OCI-024,21-Nov-18,Read Full Text
18-OVI-023,16-Nov-18,Read Full Text
18-OCI-022,23-Nov-18,Read Full Text
18-POD-009,03-Dec-18,Read Full Text
18-OVI-008,15-Nov-18,Read Full Text
18-OCI-006,16-Nov-18,Read Full Text
18-TCI-005,14-Nov-18,Read Full Text
18-PCI-003,13-Nov-18,Read Full Text
18-PCD-002,10-Jan-19,Read Full Text
18-OCI-001,19-Dec-18,Read Full Text
17-OCI-377,14-Nov-18,Read Full Text
17-OVI-376,05-Nov-18,Read Full Text
17-PVI-374,30-Oct-18,Read Full Text
17-PFD-373,11-Jan-19,Read Full Text
17-PVI-371,18-Oct-18,Read Full Text
17-OCI-369,05-Nov-18,Read Full Text
17-TCI-368,08-Nov-18,Read Full Text
17-TCI-365,10-Dec-18,Read Full Text
17-PCI-364,19-Oct-18,Read Full Text
17-PCD-360,23-Oct-18,Read Full Text
17-OCI-358,07-Nov-18,Read Full Text
17-TCI-357,16-Oct-18,Read Full Text
17-TFI-355,09-Jan-19,Read Full Text
17-TCD-350,29-Oct-18,Read Full Text
17-TCI-349,29-Oct-18,Read Full Text
17-OCI-348,16-Oct-18,Read Full Text
17-OCI-347,23-Oct-18,Read Full Text
17-OCI-340,16-Oct-18,Read Full Text
17-OCI-338,30-Nov-18,Read Full Text
17-OCI-328,05-Oct-18,Read Full Text
17-OCD-317,30-Nov-18,Read Full Text
17-TCI-311,18-Sep-18,Read Full Text
17-OCI-292,12-Sep-18,Read Full Text
17-OCI-281,12-Jul-18,Read Full Text
17-OVI-273,12-Jul-18,Read Full Text
17-OCI-243,22-Jun-18,Read Full Text
17-TCI-228,25-Jun-18,Read Full Text
17-OCI-220,20-Jun-18,Read Full Text
17-TCI-209,09-Apr-18,Read Full Text
17-OVI-201,27-Jun-18,Read Full Text
17-OCI-164,08-May-18,Read Full Text
17-TVI-108,13-Mar-18,Read Full Text